Workbook
Name Slicer_Department: #N/A
Name Slicer_Designation: #N/A
Name Slicer_Gender: #N/A
Name Slicer_Location: #N/A

Sheet row data
A1: Employee ID | B1: Employee Name | C1: Date of Birth | D1: Joining Date | E1: Department | F1: Salary | G1: Location | H1: Gender | I1: Job Code | J1: Designation | K1: Working Experience
A2: EMP1001 | B2: Anvi Rama | C2: 22180 | D2: 41839 | E2: Marketing | F2: 68714 | G2: Kolkata | H2: Female | I2: JC588 | J2: Consultant | K2: 11
A3: EMP1004 | B3: Zeeshan Bali | C3: 36636 | D3: 43163 | E3: HR | F3: 173501 | G3: Mumbai | H3: Female | I3: JC196 | J3: Assistant | K3: 7
A4: EMP1006 | B4: Akarsh Shanker | C4: 34522 | D4: 40325 | E4: Marketing | F4: 78659 | G4: Kolkata | H4: Male | I4: JC693 | J4: Lead | K4: 15
A5: EMP1007 | B5: Aaryahi Kaur | C5: 35976 | D5: 36810 | E5: Sales | F5: 122559 | G5: Ahmedabad | H5: Male | I5: JC100 | J5: Assistant | K5: 25
A6: EMP1008 | B6: Aaryahi Ray | C6: 22441 | D6: 31501 | E6: Support | F6: 143801 | G6: Ahmedabad | H6: Male | I6: JC598 | J6: Lead | K6: 39
A7: EMP1010 | B7: Sahil Khalsa | C7: 33598 | D7: 25818 | E7: HR | F7: 85405 | G7: Chennai | H7: Female | I7: JC877 | J7: Lead | K7: 55
A8: EMP1011 | C8: 29425 | D8: 36320 | E8: Operations | F8: 24858 | G8: Delhi | H8: Male | I8: JC894 | J8: Lead | K8: 26
A9: EMP1013 | B9: Shaan Mani | C9: 29059 | D9: 36818 | E9: Sales | F9: 182803 | G9: Pune | H9: Male | I9: JC303 | J9: Lead | K9: 25
A10: EMP1014 | B10: Yuvraj Rout | C10: 37619 | D10: 25882 | E10: Finance | F10: 127076 | G10: Pune | H10: Male | I10: JC710 | J10: Manager | K10: 55
A11: EMP1016 | B11: Anay Kothari | C11: 33969 | D11: 35916 | E11: Support | F11: 65259 | G11: Chennai | H11: Female | I11: JC991 | J11: Analyst | K11: 27
A12: EMP1017 | B12: Amani Manda | C12: 28579 | D12: 43735 | E12: IT | F12: 178832 | G12: Ahmedabad | H12: Male | I12: JC944 | J12: Lead | K12: 6
A13: EMP1019 | B13: Azad Trivedi | C13: 28684 | D13: 38675 | E13: IT | F13: 57911 | G13: Ahmedabad | H13: Female | I13: $JC767 | J13: Manager | K13: 20
A14: EMP1020 | B14: Kaira Shukla | C14: 33868 | D14: 37851 | E14: Operations | F14: 86201 | G14: Jaipur | H14: Female | I14: JC919 | J14: Assistant | K14: 22
A15: EMP1021 | B15: Khushi Viswanathan | C15: 35709 | D15: 36955 | E15: IT | F15: 116998 | G15: Mumbai | H15: Female | I15: JC351 | J15: Manager | K15: 24
A16: EMP1024 | B16: Hrishita Sachar | C16: 36838 | D16: 31253 | E16: Support | F16: 163291 | G16: Delhi | H16: Male | I16: JC669 | J16: Manager | K16: 40
A17: EMP1025 | B17: Kanav Kulkarni | C17: 29000 | D17: 36557 | E17: HR | F17: 80988 | G17: Pune | H17: Male | I17: JC738 | J17: Analyst | K17: 25
A18: EMP1026 | B18: Jivin Acharya | C18: 28243 | D18: 26438 | E18: Sales | F18: 140435 | H18: Pune | I18: Female | J18: JC992 | K18: Analyst | L18: 53
A19: EMP1027 | B19: Samiha Bansal | C19: 33113 | D19: 28588 | E19: HR | F19: 62510 | G19: Hyderabad | H19: Female | I19: JC987 | J19: Executive | K19: 47
A20: EMP1028 | B20: Divit Dixit | C20: 27985 | D20: 29873 | E20: IT | F20: 90827 | G20: Kolkata | H20: Female | I20: JC634 | J20: Manager | K20: 44
A21: EMP1029 | B21: Mishti Das | C21: 25861 | D21: 41187 | E21: IT | F21: 184057 | G21: Kolkata | H21: Male | I21: JC149 | J21: Manager | K21: 13
A22: EMP1032 | B22: Eshani Swamy | C22: 23674 | D22: 39722 | E22: Marketing | F22: 132823 | G22: Jaipur | H22: Male | I22: JC859 | J22: Assistant | K22: 17
A23: EMP1033 | B23: Rati Gulati | C23: 36398 | D23: 27440 | E23: Support | F23: 97382 | G23: Ahmedabad | H23: Female | I23: JC709 | J23: Manager | K23: 50
A24: EMP1036 | B24: Rohan Deol | C24: 33309 | D24: 39066 | E24: Operations | F24: 152798 | G24: Pune | H24: Male | I24: JC833 | J24: Executive | K24: 19
A25: EMP1037 | B25: Priyansh Deo | C25: 29157 | D25: 40324 | E25: HR | F25: 24173 | G25: Lucknow | H25: Female | I25: JC924 | J25: Lead | K25: 15
A26: EMP1038 | B26: Pranay Desai | C26: 35758 | D26: 30603 | E26: Sales | F26: 131132 | G26: Bangalore | H26: Male | I26: JC317 | J26: Lead | K26: 42
A27: EMP1039 | B27: Pari Butala | C27: 29646 | D27: 36278 | E27: Support | F27: 145437 | G27: Delhi | H27: Male | I27: JC976 | J27: Manager | K27: 26
A28: EMP1040 | B28: Damini Sunder | C28: 30828 | D28: 32530 | E28: Marketing | F28: 135145 | G28: Chennai | H28: Male | I28: JC753 | J28: Analyst | K28: 36
A29: EMP1041 | B29: Rasha Srinivasan | C29: 31291 | D29: 37094 | E29: Finance | F29: 87948 | G29: Bangalore | H29: Male | I29: JC965 | J29: Lead | K29: 24
A30: EMP1042 | B30: Baiju Buch | C30: 32183 | D30: 29739 | E30: Operations | F30: 144034 | G30: Kolkata | H30: Female | I30: JC600 | J30: Lead | K30: 44
... A37: EMP1049 | B37: Biju Rau | C37: 34500 | D37: 35659 | E37: Support | F37: 64595 | G37: Kolkata | H37: Male | I37: JC413 | J37: Manager | K37: 28
A38: EMP1050 | B38: Hridaan Seth | C38: 29077 | D38: 40509 | F38: 146314 | G38: Jaipur | H38: Male | I38: JC179 | J38: Lead | K38: 15
A39: EMP1051 | B39: Piya Kakar | C39: 36362 | D39: 37478 | E39: Sales | F39: 186139 | G39: Hyderabad | H39: Male | I39: JC286 | J39: Executive | K39: 23
A40: EMP1052 | B40: Mahika Mannan | C40: 31525 | D40: 38054 | E40: Operations | F40: 92655 | G40: Hyderabad | H40: Male | I40: JC711 | J40: Engineer | K40: 21
A41: EMP1054 | B41: Tushar Thaman | C41: 24005 | D41: 26505 | E41: IT | F41: 104585 | G41: Pune | H41: Male | I41: JC755 | J41: Manager | K41: 53
A42: EMP1055 | B42: Ela Comar | C42: 30768 | D42: 38661 | E42: Support | F42: 133053 | G42: Chennai | H42: Male | I42: JC861 | J42: Assistant | K42: 20
A43: EMP1057 | B43: Mehul Banerjee | C43: 35241 | D43: 29801 | E43: Marketing | F43: 155724 | G43: Kolkata | H43: Female | I43: JC117 | J43: Executive | K43: 44
A44: EMP1062 | B44: Hridaan Tank | C44: 31623 | D44: 26672 | E44: Marketing | F44: 71232 | G44: Mumbai | H44: Male | I44: JC218 | J44: Manager | K44: 52
A45: EMP1063 | B45: Taimur Sankaran | C45: 28482 | D45: 35206 | E45: Operations | F45: 23743 | G45: Lucknow | H45: Male | I45: JC646 | J45: Consultant | K45: 29
A46: EMP1065 | B46: Fateh Rana | C46: 27760 | D46: 37335 | E46: Finance | F46: 100175 | G46: Kolkata | H46: Male | I46: JC635 | J46: Analyst | K46: 23
A47: EMP1066 | B47: Emir Agarwal | C47: 34954 | D47: 28591 | E47: HR | F47: 183318 | G47: Ahmedabad | H47: Male | I47: JC756 | J47: Analyst | K47: 47
A48: EMP1067 | B48: Biju Buch | C48: 37157 | D48: 26716 | E48: Sales | F48: 166030 | G48: Mumbai | H48: Female | I48: JC944 | J48: Assistant | K48: 52
A49: EMP1068 | B49: Rania Deshmukh | C49: 31839 | D49: 28251 | E49: Sales | F49: 135963 | G49: Chennai | H49: Female | I49: JC351 | J49: Analyst | K49: 48
A50: EMP1070 | B50: Ivan Dhawan | C50: 29196 | D50: 38451 | E50: Finance | F50: 52083 | G50: Ahmedabad | H50: Female | I50: JC982 | J50: Manager | K50: 20
... A73: EMP1103 | B73: Dhanush Vohra | C73: 37151 | D73: 43514 | E73: IT | F73: 59956 | G73: Delhi | H73: Female | I73: JC309 | J73: Consultant | K73: 6
A74: EMP1107 | B74: Kabir Tata | C74: 35634 | D74: 39720 | E74: Support | G74: Kolkata | H74: Female | I74: JC286 | J74: Assistant | K74: 17
A75: EMP1108 | B75: Alia Zacharia | C75: 37159 | D75: 32437 | E75: Finance | F75: 32080 | G75: Bangalore | H75: Male | I75: JC595 | J75: Lead | K75: 37
A76: EMP1109 | B76: Hiran Lad | C76: 28670 | D76: 33723 | E76: Sales | F76: 131471 | G76: Bangalore | H76: Female | I76: JC151 | J76: Analyst | K76: 33
A77: EMP1110 | B77: Kanav Singhal | C77: 30121 | D77: 44747 | E77: Support | F77: 168741 | G77: Mumbai | H77: Male | I77: JC203 | J77: Lead | K77: 3
A78: EMP1111 | B78: Urvi Lata | C78: 21999 | D78: 41368 | E78: Operations | F78: 147618 | G78: Ahmedabad | H78: Male | I78: JC928 | J78: Consultant | K78: 12
A79: EMP1113 | B79: Tarini Bahl | C79: 37479 | D79: 27958 | E79: Finance | F79: 78345 | G79: Mumbai | H79: Male | I79: JC258 | J79: Consultant | K79: 49
A80: EMP1114 | B80: Dhruv Randhawa | C80: 36835 | D80: 34830 | E80: Marketing | F80: 89820 | G80: Lucknow | H80: Female | I80: JC189 | J80: Analyst | K80: 30
A81: EMP1115 | B81: Jhanvi Keer | C81: 26429 | D81: 37514 | E81: HR | F81: 65839 | G81: Bangalore | H81: Male | I81: JC140 | J81: Assistant | K81: 23
A82: EMP1116 | B82: Madhup Wali | C82: 30297 | D82: 35280 | E82: IT | F82: 111018 | G82: Pune | H82: Male | I82: JC854 | J82: Executive | K82: 29
A83: EMP1117 | B83: Vivaan Venkataraman | C83: 31518 | D83: 28592 | E83: HR | F83: 192271 | G83: Delhi | H83: Male | I83: JC860 | J83: Analyst | K83: 47
A84: EMP1118 | B84: Manjari Mangal | C84: 25892 | D84: 40278 | E84: Marketing | F84: 124152 | G84: Delhi | H84: Female | I84: JC835 | J84: Lead | K84: 15
A85: EMP1119 | B85: Vritika Gupta | C85: 33313 | D85: 31360 | E85: Marketing | F85: 140596 | G85: Chennai | H85: Female | I85: JC506 | J85: Manager | K85: 40
A86: EMP1120 | B86: Dhanush Handa | C86: 36071 | D86: 33986 | E86: Marketing | F86: 75555 | G86: Ahmedabad | H86: Female | I86: JC993 | J86: Assistant | K86: 32
... A220: EMP1303 | B220: Jayesh Sandal | C220: 29569 | D220: 35347 | E220: Support | F220: 87547 | G220: Bangalore | H220: Male | I220: JC161 | J220: Executive | K220: 29
A221: EMP1305 | B221: Aradhya Saxena | D221: 24453 | E221: 36989 | F221: Support | G221: 56437 | H221: Pune | I221: Female | J221: JC774 | K221: Engineer | L221: 24
A222: EMP1306 | B222: Shanaya Reddy | C222: 30184 | D222: 28219 | E222: Support | F222: 189895 | G222: Delhi | H222: Male | I222: JC305 | J222: Manager | K222: 48
A223: EMP1308 | B223: Jayan Rajagopalan | C223: 34475 | D223: 30488 | E223: HR | F223: 168429 | G223: Kolkata | H223: Female | I223: JC251 | J223: Assistant | K223: 42
A224: EMP1309 | B224: Nakul Khatri | C224: 28874 | D224: 38471 | E224: Finance | F224: 135508 | G224: Bangalore | H224: Male | I224: JC568 | J224: Executive | K224: 20
A225: EMP1310 | B225: Rania Shetty | C225: 26683 | D225: 42027 | E225: HR | F225: 165255 | G225: Lucknow | H225: Male | I225: JC172 | J225: Engineer | K225: 10
A226: EMP1313 | B226: Piya Varty | C226: 24933 | D226: 27655 | E226: HR | F226: 140480 | G226: Bangalore | H226: Male | I226: JC390 | J226: Consultant | K226: 50
A227: EMP1314 | B227: Purab Sodhi | C227: 27326 | D227: 41558 | E227: HR | F227: 106994 | G227: Mumbai | H227: Female | I227: JC750 | J227: Manager | K227: 12
A228: EMP1315 | B228: Rasha Krish | C228: 28591 | D228: 42164 | E228: Finance | F228: 192699 | G228: Ahmedabad | H228: Female | I228: JC180 | J228: Engineer | K228: 10
A229: EMP1316 | B229: Elakshi Mahal | C229: 35687 | D229: 39535 | E229: Marketing | F229: 170232 | G229: Delhi | H229: Male | I229: JC657 | J229: Executive | K229: 17
A230: EMP1317 | B230: Vritika Kapur | C230: 30000 | D230: 37827 | E230: Marketing | F230: 37157 | G230: Mumbai | H230: Male | I230: JC182 | J230: Assistant | K230: 22
A231: EMP1318 | B231: Alia Sood | C231: 21690 | D231: 40826 | E231: Support | F231: 45021 | G231: Jaipur | H231: Female | I231: JC340 | J231: Assistant | K231: 14
A232: EMP1319 | B232: Zaina Rau | C232: 29500 | D232: 28342 | E232: Finance | F232: 129347 | G232: Chennai | H232: Male | I232: JC984 | J232: Executive | K232: 48
A233: EMP1320 | B233: Aarush Varma | C233: 30692 | D233: 41204 | E233: Support | F233: 161813 | G233: Delhi | H233: Male | I233: JC919 | J233: Engineer | K233: 13
... A271: EMP1375 | B271: Ayesha Raju | C271: 28282 | D271: 29521 | E271: Finance | F271: 86133 | G271: Kolkata | H271: Male | I271: JC402 | J271: Consultant | K271: 45
A272: EMP1377 | B272: Inaaya Deshmukh | C272: 27903 | D272: 29565 | F272: 82925 | G272: Delhi | H272: Female | I272: JC871 | J272: Analyst | K272: 45
A273: EMP1378 | B273: Lavanya Baral | C273: 36369 | D273: 43267 | E273: IT | F273: 47979 | G273: Bangalore | H273: Male | I273: JC413 | J273: Consultant | K273: 7
A274: EMP1381 | B274: Akarsh Atwal | C274: 31454 | D274: 29391 | E274: Finance | F274: 26642 | G274: Kolkata | H274: Male | I274: JC918 | J274: Analyst | K274: 45
A275: EMP1383 | B275: Neysa Bali | C275: 22790 | D275: 25786 | E275: HR | F275: 133821 | G275: Jaipur | H275: Male | I275: JC160 | J275: Analyst | K275: 55
A276: EMP1386 | B276: Shray Loyal | C276: 29249 | D276: 36010 | E276: Support | F276: 25230 | G276: Lucknow | H276: Male | I276: JC384 | J276: Engineer | K276: 27
A277: EMP1387 | B277: Samaira Kamdar | C277: 33181 | D277: 31064 | E277: Sales | F277: 33956 | G277: Delhi | H277: Male | I277: JC628 | J277: Engineer | K277: 40
A278: EMP1388 | B278: Advika Tara | C278: 33262 | D278: 28207 | E278: Finance | F278: 133164 | G278: Hyderabad | H278: Female | I278: JC355 | J278: Assistant | K278: 48
A279: EMP1389 | B279: Zain Sawhney | C279: 24174 | D279: 44668 | E279: Finance | F279: 165651 | G279: Bangalore | H279: Female | I279: JC703 | J279: Manager | K279: 3
A280: EMP1391 | B280: Dhanush Singh | C280: 26422 | D280: 26448 | E280: Marketing | F280: 70501 | G280: Hyderabad | H280: Female | I280: JC103 | J280: Engineer | K280: 53
A281: EMP1392 | B281: Saksham Chaudhry | C281: 37406 | D281: 43748 | E281: Marketing | F281: 62227 | G281: Delhi | H281: Female | I281: JC919 | J281: Assistant | K281: 6
A282: EMP1393 | B282: Veer Sengupta | C282: 25501 | D282: 30522 | E282: Marketing | F282: 193315 | G282: Chennai | H282: Male | I282: JC905 | J282: Lead | K282: 42
A283: EMP1395 | B283: Nitara Dixit | C283: 37342 | D283: 40435 | E283: Support | F283: 25610 | G283: Ahmedabad | H283: Male | I283: JC155 | J283: Lead | K283: 15
A284: EMP1397 | B284: Nitara Bumb | C284: 32942 | D284: 35002 | E284: Marketing | F284: 165386 | G284: Ahmedabad | H284: Male | I284: JC356 | J284: Analyst | K284: 30
... A1225: EMP2787 | B1225: Manikya Deo | C1225: 36781 | D1225: 40840 | E1225: HR | F1225: 174595 | G1225: Ahmedabad | H1225: Male | I1225: JC439 | J1225: Analyst | K1225: 14
A1226: EMP2788 | B1226: Kavya Chakrabarti | C1226: 23969 | D1226: 44722 | F1226: 28552 | G1226: Delhi | H1226: Male | I1226: JC875 | J1226: Manager | K1226: 3
A1227: EMP2789 | B1227: Urvi Aggarwal | C1227: 27861 | D1227: 38315 | E1227: IT | F1227: 77288 | G1227: Hyderabad | H1227: Female | I1227: JC371 | J1227: Lead | K1227: 21
A1228: EMP2790 | B1228: Umang Singhal | C1228: 29900 | D1228: 27918 | E1228: Marketing | G1228: Kolkata | H1228: Male | I1228: JC186 | J1228: Executive | K1228: 49
A1229: EMP2792 | B1229: Sumer Ben | C1229: 31255 | D1229: 42359 | E1229: Marketing | F1229: 135183 | G1229: Jaipur | H1229: Female | I1229: JC878 | J1229: Lead | K1229: 10
A1230: EMP2793 | B1230: Tejas Verma | C1230: 32211 | D1230: 35556 | E1230: IT | F1230: 199126 | G1230: Jaipur | H1230: Female | I1230: JC349 | J1230: Assistant | K1230: 28
A1231: EMP2794 | B1231: Taimur Singhal | C1231: 35619 | D1231: 36337 | E1231: Support | F1231: 182259 | G1231: Hyderabad | H1231: Female | I1231: JC143 | J1231: Analyst | K1231: 26
A1232: EMP2795 | B1232: Yasmin Barad | C1232: 34757 | D1232: 37437 | E1232: HR | F1232: 92307 | G1232: Delhi | H1232: Female | I1232: JC761 | J1232: Manager | K1232: 23
A1233: EMP2797 | B1233: Myra Mandal | C1233: 34189 | D1233: 28013 | E1233: Operations | F1233: 85687 | G1233: Pune | H1233: Female | I1233: JC425 | J1233: Manager | K1233: 49
A1234: EMP2799 | B1234: Divit Kurian | C1234: 28945 | D1234: 40313 | E1234: Marketing | F1234: 21961 | G1234: Hyderabad | H1234: Female | I1234: JC392 | J1234: Assistant | K1234: 15
A1235: EMP2801 | B1235: Zara Sundaram | C1235: 26955 | D1235: 30572 | E1235: Support | F1235: 27152 | G1235: Hyderabad | H1235: Female | I1235: JC128 | J1235: Assistant | K1235: 42
A1236: EMP2803 | B1236: Dhanush Bhavsar | C1236: 28117 | D1236: 42013 | E1236: Marketing | F1236: 135683 | G1236: Delhi | H1236: Female | I1236: JC270 | J1236: Manager | K1236: 10
A1237: EMP2804 | B1237: Onkar Agarwal | C1237: 34583 | D1237: 31207 | E1237: Operations | F1237: 113645 | G1237: Pune | H1237: Male | I1237: JC142 | J1237: Assistant | K1237: 40
A1238: EMP2805 | B1238: Zoya Sidhu | C1238: 29792 | D1238: 37938 | E1238: Support | F1238: 77655 | G1238: Lucknow | H1238: Female | I1238: JC565 | J1238: Lead | K1238: 22
...

Sheet  table formate
A1: Employee ID | B1: Length | C1: Employee Name | D1: Date of Birth | E1: Joining Date | F1: Department | G1: Salary | H1: Location | I1: Gender | J1: Job Code | K1: Designation | L1: Working Experience
A2: EMP1001 | B2: =LEN(Table2[[#This Row],[Employee ID]]) -> 7 | C2: Anvi Rama | D2: 22180 | E2: 41839 | F2: Marketing | G2: 68714 | H2: Kolkata | I2: Female | J2: JC588 | K2: Consultant | L2: 11
A3: EMP1004 | B3: =LEN(Table2[[#This Row],[Employee ID]]) -> 7 | C3: Zeeshan Bali | D3: 36636 | E3: 43163 | F3: HR | G3: 173501 | H3: Mumbai | I3: Female | J3: JC196 | K3: Assistant | L3: 7
A4: EMP1006 | B4: =LEN(Table2[[#This Row],[Employee ID]]) -> 7 | C4: Akarsh Shanker | D4: 34522 | E4: 40325 | F4: Marketing | G4: 78659 | H4: Kolkata | I4: Male | J4: JC693 | K4: Lead | L4: 15
A5: EMP1007 | B5: =LEN(Table2[[#This Row],[Employee ID]]) -> 7 | C5: Aaryahi Kaur | D5: 35976 | E5: 36810 | F5: Sales | G5: 122559 | H5: Ahmedabad | I5: Male | J5: JC100 | K5: Assistant | L5: 25
A6: EMP1008 | B6: =LEN(Table2[[#This Row],[Employee ID]]) -> 7 | C6: Aaryahi Ray | D6: 22441 | E6: 31501 | F6: Support | G6: 143801 | H6: Ahmedabad | I6: Male | J6: JC598 | K6: Lead | L6: 39
A7: EMP1010 | B7: =LEN(Table2[[#This Row],[Employee ID]]) -> 7 | C7: Sahil Khalsa | D7: 33598 | E7: 25818 | F7: HR | G7: 85405 | H7: Chennai | I7: Female | J7: JC877 | K7: Lead | L7: 55
A8: EMP1011 | B8: =LEN(Table2[[#This Row],[Employee ID]]) -> 7 | C8: Shaan Mani | D8: 29425 | E8: 36320 | F8: Operations | G8: 24858 | H8: Delhi | I8: Male | J8: JC894 | K8: Lead | L8: 26
A9: EMP1013 | B9: =LEN(Table2[[#This Row],[Employee ID]]) -> 7 | C9: Yuvraj Rout | D9: 29059 | E9: 36818 | F9: Sales | G9: 182803 | H9: Pune | I9: Male | J9: JC303 | K9: Lead | L9: 25
A10: EMP1014 | B10: =LEN(Table2[[#This Row],[Employee ID]]) -> 7 | C10: Anay Kothari | D10: 37619 | E10: 25882 | F10: Finance | G10: 127076 | H10: Pune | I10: Male | J10: JC710 | K10: Manager | L10: 55
A11: EMP1016 | B11: =LEN(Table2[[#This Row],[Employee ID]]) -> 7 | C11: Amani Manda | D11: 33969 | E11: 35916 | F11: Support | G11: 65259 | H11: Chennai | I11: Female | J11: JC991 | K11: Analyst | L11: 27
A12: EMP1017 | B12: =LEN(Table2[[#This Row],[Employee ID]]) -> 7 | C12: Azad Trivedi | D12: 28579 | E12: 43735 | F12: IT | G12: 178832 | H12: Ahmedabad | I12: Male | J12: JC944 | K12: Lead | L12: 6
A13: EMP1019 | B13: =LEN(Table2[[#This Row],[Employee ID]]) -> 7 | C13: Kaira Shukla | D13: 28684 | E13: 38675 | F13: IT | G13: 57911 | H13: Ahmedabad | I13: Female | J13: JC767 | K13: Manager | L13: 20
... A1298: EMP2892 | B1298: =LEN(Table2[[#This Row],[Employee ID]]) -> 7 | C1298: Yashvi Bail | D1298: 35607 | E1298: 36415 | F1298: Sales | G1298: 132701 | H1298: Hyderabad | I1298: Male | J1298: JC713 | K1298: Consultant | L1298: 26

Sheet aggregation funcation
B5: SUMIFS | H5: COUNTIFS
B7: LOCATION | C7: SALAERY | G7: LOCATION | H7: Department | I7: Gender | J7: EMPLOYEES WORKING
B8: Kolkata | C8: =SUMIFS(Table2[Salary],Table2[Location],'aggregation funcation'!B8) -> 15381678 | G8: Kolkata | H8: Marketing | I8: Female | J8: =COUNTIFS(Table2[[#All],[Location]],'aggregation funcation'!G8,Table2[[#All],[Department]],'aggregation funcation'!H8,Table2[[#All],[Gender]],'aggregation funcation'!I8) -> 16
B9: Mumbai | C9: =SUMIFS(Table2[Salary],Table2[Location],'aggregation funcation'!B9) -> 16103767 | G9: Mumbai | H9: Support | I9: Male | J9: =COUNTIFS(Table2[[#All],[Location]],'aggregation funcation'!G9,Table2[[#All],[Department]],'aggregation funcation'!H9,Table2[[#All],[Gender]],'aggregation funcation'!I9) -> 7
B10: Ahmedabad | C10: =SUMIFS(Table2[Salary],Table2[Location],'aggregation funcation'!B10) -> 14961932 | G10: Ahmedabad | H10: Operations | I10: Female | J10: =COUNTIFS(Table2[[#All],[Location]],'aggregation funcation'!G10,Table2[[#All],[Department]],'aggregation funcation'!H10,Table2[[#All],[Gender]],'aggregation funcation'!I10) -> 12
B11: Chennai | C11: =SUMIFS(Table2[Salary],Table2[Location],'aggregation funcation'!B11) -> 13751738 | G11: Chennai | H11: HR | I11: Male | J11: =COUNTIFS(Table2[[#All],[Location]],'aggregation funcation'!G11,Table2[[#All],[Department]],'aggregation funcation'!H11,Table2[[#All],[Gender]],'aggregation funcation'!I11) -> 7
B12: Delhi | C12: =SUMIFS(Table2[Salary],Table2[Location],'aggregation funcation'!B12) -> 16785158 | G12: Delhi | H12: IT | I12: Male | J12: =COUNTIFS(Table2[[#All],[Location]],'aggregation funcation'!G12,Table2[[#All],[Department]],'aggregation funcation'!H12,Table2[[#All],[Gender]],'aggregation funcation'!I12) -> 9
B13: Pune | C13: =SUMIFS(Table2[Salary],Table2[Location],'aggregation funcation'!B13) -> 13445146 | G13: Pune | H13: HR | I13: Male | J13: =COUNTIFS(Table2[[#All],[Location]],'aggregation funcation'!G13,Table2[[#All],[Department]],'aggregation funcation'!H13,Table2[[#All],[Gender]],'aggregation funcation'!I13) -> 10
B14: Jaipur | C14: =SUMIFS(Table2[Salary],Table2[Location],'aggregation funcation'!B14) -> 14363742 | G14: Jaipur | H14: Finance | I14: Female | J14: =COUNTIFS(Table2[[#All],[Location]],'aggregation funcation'!G14,Table2[[#All],[Department]],'aggregation funcation'!H14,Table2[[#All],[Gender]],'aggregation funcation'!I14) -> 9
B15: Hyderabad | C15: =SUMIFS(Table2[Salary],Table2[Location],'aggregation funcation'!B15) -> 15276042 | G15: Hyderabad | H15: Support | I15: Male | J15: =COUNTIFS(Table2[[#All],[Location]],'aggregation funcation'!G15,Table2[[#All],[Department]],'aggregation funcation'!H15,Table2[[#All],[Gender]],'aggregation funcation'!I15) -> 7
B16: Lucknow | C16: =SUMIFS(Table2[Salary],Table2[Location],'aggregation funcation'!B16) -> 12085163 | G16: Lucknow | H16: Sales | I16: Male | J16: =COUNTIFS(Table2[[#All],[Location]],'aggregation funcation'!G16,Table2[[#All],[Department]],'aggregation funcation'!H16,Table2[[#All],[Gender]],'aggregation funcation'!I16) -> 5
B17: Bangalore | C17: =SUMIFS(Table2[Salary],Table2[Location],'aggregation funcation'!B17) -> 15825924 | G17: Bangalore | H17: IT | I17: Female | J17: =COUNTIFS(Table2[[#All],[Location]],'aggregation funcation'!G17,Table2[[#All],[Department]],'aggregation funcation'!H17,Table2[[#All],[Gender]],'aggregation funcation'!I17) -> 6

Sheet reference funcation
E6: VLOOKUP
D8: Employee ID | E8: Employee NAME | F8: GENDER | G8: DEPARTMENT | H8: LOCATION | N8: XLOOKUP
D9: EMP2123 | E9: =VLOOKUP( 'reference funcation'!D9,'row data'!A1:K1300,2,0) -> Lakshit Bandi | F9: =VLOOKUP(D9,'row data'!$A$1:$K$1300,8,0) -> Female | G9: =VLOOKUP( 'reference funcation'!D9,'row data'!A1:K1300,5,0) -> Finance | H9: =VLOOKUP( 'reference funcation'!D9,'row data'!A1:K1300,7,0) -> Kolkata
D10: EMP1512 | E10: =VLOOKUP( 'reference funcation'!D10,'row data'!A2:K1301,2,0) -> Yasmin Khatri | F10: =VLOOKUP(D10,'row data'!$A$1:$K$1300,8,0) -> Male | G10: =VLOOKUP( 'reference funcation'!D10,'row data'!A2:K1301,5,0) -> Support | H10: =VLOOKUP( 'reference funcation'!D10,'row data'!A2:K1301,7,0) -> Jaipur
D11: EMP2189 | E11: =VLOOKUP( 'reference funcation'!D11,'row data'!A3:K1302,2,0) -> Riaan Grover | F11: =VLOOKUP(D11,'row data'!$A$1:$K$1300,8,0) -> Male | G11: =VLOOKUP( 'reference funcation'!D11,'row data'!A3:K1302,5,0) -> Marketing | H11: =VLOOKUP( 'reference funcation'!D11,'row data'!A3:K1302,7,0) -> Chennai | M11: Employee Name | N11: Anay Kothari | O11: Romil Saha
D12: EMP1522 | E12: =VLOOKUP( 'reference funcation'!D12,'row data'!A4:K1303,2,0) -> Anya Samra | F12: =VLOOKUP(D12,'row data'!$A$1:$K$1300,8,0) -> Male | G12: =VLOOKUP( 'reference funcation'!D12,'row data'!A4:K1303,5,0) -> HR | H12: =VLOOKUP( 'reference funcation'!D12,'row data'!A4:K1303,7,0) -> Chennai | M12: Department | N12: {=_xlfn.XLOOKUP('reference funcation'!N11,Table2[[#All],[Employee Name]],Table2[[#All],[Department]],)} -> Finance | O12: {=_xlfn.XLOOKUP('reference funcation'!O11,Table2[[#All],[Employee Name]],Table2[[#All],[Department]])} -> Sales
D13: EMP1151 | E13: =VLOOKUP( 'reference funcation'!D13,'row data'!A5:K1304,2,0) -> Riya Rajan | F13: =VLOOKUP(D13,'row data'!$A$1:$K$1300,8,0) -> Female | G13: =VLOOKUP( 'reference funcation'!D13,'row data'!A5:K1304,5,0) -> IT | H13: =VLOOKUP( 'reference funcation'!D13,'row data'!A5:K1304,7,0) -> Bangalore
D14: EMP1024 | E14: =VLOOKUP( 'reference funcation'!D14,'row data'!A6:K1305,2,0) -> Hrishita Sachar | F14: =VLOOKUP(D14,'row data'!$A$1:$K$1300,8,0) -> Male | G14: =VLOOKUP( 'reference funcation'!D14,'row data'!A6:K1305,5,0) -> Support | H14: =VLOOKUP( 'reference funcation'!D14,'row data'!A6:K1305,7,0) -> Delhi
D15: EMP2178 | E15: =VLOOKUP( 'reference funcation'!D15,'row data'!A7:K1306,2,0) -> Dharmajan Mander | F15: =VLOOKUP(D15,'row data'!$A$1:$K$1300,8,0) -> Male | G15: =VLOOKUP( 'reference funcation'!D15,'row data'!A7:K1306,5,0) -> Support | H15: =VLOOKUP( 'reference funcation'!D15,'row data'!A7:K1306,7,0) -> Ahmedabad
D16: EMP1965 | E16: =VLOOKUP( 'reference funcation'!D16,'row data'!A8:K1307,2,0) -> Tarini Chaudhry | F16: =VLOOKUP(D16,'row data'!$A$1:$K$1300,8,0) -> Male | G16: =VLOOKUP( 'reference funcation'!D16,'row data'!A8:K1307,5,0) -> HR | H16: =VLOOKUP( 'reference funcation'!D16,'row data'!A8:K1307,7,0) -> Mumbai
D17: EMP1256 | E17: =VLOOKUP( 'reference funcation'!D17,'row data'!A9:K1308,2,0) -> Adira Aggarwal | F17: =VLOOKUP(D17,'row data'!$A$1:$K$1300,8,0) -> Female | G17: =VLOOKUP( 'reference funcation'!D17,'row data'!A9:K1308,5,0) -> Finance | H17: =VLOOKUP( 'reference funcation'!D17,'row data'!A9:K1308,7,0) -> Pune

Sheet pivot table
A4: GENDER WISE EMPLOYEE COUNT BY DESIGNATION IN PERCENTAGE FORMATE
A5: Count of Location | B5: Column Labels
A6: Row Labels | B6: Female | C6: Male | D6: Grand Total
A7: Analyst | B7: 0.069390902 | C7: 0.077101002 | D7: 0.1464919
A8: Assistant | B8: 0.087124133 | C8: 0.063222822 | D8: 0.15034695
A9: Consultant | B9: 0.063993832 | C9: 0.067848882 | D9: 0.13184271
A10: Engineer | B10: 0.069390902 | C10: 0.074016962 | D10: 0.14340786
A11: Executive | B11: 0.060138782 | C11: 0.077872012 | D11: 0.13801079
A12: Lead | B12: 0.083269082 | C12: 0.067077872 | D12: 0.15034695
A13: Manager | B13: 0.067848882 | C13: 0.071703932 | D13: 0.13955281
A14: Grand Total | B14: 0.50115652 | C14: 0.49884348 | D14: 1
A17: EMPLOYEE DISTRIBUTION BY LOCATION
A18: Count of Department | B18: Column Labels
A19: Row Labels | B19: Analyst | C19: Assistant | D19: Consultant | E19: Engineer | F19: Executive | G19: Lead | H19: Manager | I19: Grand Total
A20: Ahmedabad | B20: 25 | C20: 17 | D20: 17 | E20: 21 | F20: 17 | G20: 26 | H20: 17 | I20: 140
A21: Bangalore | B21: 17 | C21: 13 | D21: 25 | E21: 14 | F21: 21 | G21: 17 | H21: 24 | I21: 131
A22: Chennai | B22: 16 | C22: 16 | D22: 12 | E22: 18 | F22: 19 | G22: 17 | H22: 24 | I22: 122
A23: Delhi | B23: 15 | C23: 23 | D23: 18 | E23: 20 | F23: 25 | G23: 22 | H23: 17 | I23: 140
A24: Hyderabad | B24: 17 | C24: 18 | D24: 21 | E24: 22 | F24: 17 | G24: 24 | H24: 10 | I24: 129
A25: Jaipur | B25: 19 | C25: 17 | D25: 12 | E25: 17 | F25: 20 | G25: 17 | H25: 22 | I25: 124
A26: Kolkata | B26: 28 | C26: 18 | D26: 22 | E26: 14 | F26: 16 | G26: 20 | H26: 15 | I26: 133
A27: Lucknow | B27: 16 | C27: 22 | D27: 17 | E27: 24 | F27: 12 | G27: 12 | H27: 12 | I27: 115
A28: Mumbai | B28: 21 | C28: 28 | D28: 17 | E28: 19 | F28: 16 | G28: 20 | H28: 18 | I28: 139
A29: Pune | B29: 16 | C29: 23 | D29: 10 | E29: 17 | F29: 16 | G29: 20 | H29: 22 | I29: 124
A30: Grand Total | B30: 190 | C30: 195 | D30: 171 | E30: 186 | F30: 179 | G30: 195 | H30: 181 | I30: 1297
A33: TOTAL WORKING EXPERIENCE BY DEPARTMENT AND GENDER
A34: Sum of Working Experience | B34: Column Labels
A35: Row Labels | B35: Finance | C35: HR | D35: IT | E35: Marketing | F35: Operations | G35: Sales | H35: Support | I35: Grand Total
A36: Female | B36: 2963 | C36: 3062 | D36: 2490 | E36: 2805 | F36: 3025 | G36: 2286 | H36: 2606 | I36: 19237
A37: Male | B37: 3252 | C37: 2310 | D37: 2330 | E37: 2624 | F37: 2668 | G37: 2876 | H37: 2516 | I37: 18576
A38: Grand Total | B38: 6215 | C38: 5372 | D38: 4820 | E38: 5429 | F38: 5693 | G38: 5162 | H38: 5122 | I38: 37813
A42: GENDER -WISE EMPLOYEE COUNT BY LOCATION
A43: Count of Job Code | B43: Column Labels
A44: Row Labels | B44: Female | C44: Male | D44: Grand Total
A45: Ahmedabad | B45: 69 | C45: 71 | D45: 140
A46: Bangalore | B46: 53 | C46: 78 | D46: 131
A47: Chennai | B47: 59 | C47: 63 | D47: 122
A48: Delhi | B48: 78 | C48: 62 | D48: 140
A49: Hyderabad | B49: 56 | C49: 73 | D49: 129
A50: Jaipur | B50: 70 | C50: 54 | D50: 124
A51: Kolkata | B51: 73 | C51: 60 | D51: 133
A52: Lucknow | B52: 62 | C52: 53 | D52: 115
A53: Mumbai | B53: 75 | C53: 64 | D53: 139
A54: Pune | B54: 55 | C54: 69 | D54: 124
A55: Grand Total | B55: 650 | C55: 647 | D55: 1297
B59: DEPARTMENT WISE SALARY DISTRIBUTION
A60: Sum of Salary | B60: Column Labels
A61: Row Labels | B61: Analyst | C61: Assistant | D61: Consultant | E61: Engineer | F61: Executive | G61: Lead | H61: Manager | I61: Grand Total
A62: Finance | B62: 2876860 | C62: 3205338 | D62: 3168175 | E62: 3551641 | F62: 2536293 | G62: 3438828 | H62: 2848712 | I62: 21625847
A63: HR | B63: 3524913 | C63: 4299419 | D63: 2088152 | E63: 2166942 | F63: 3294382 | G63: 2320346 | H63: 2986396 | I63: 20680550
A64: IT | B64: 3048227 | C64: 3084564 | D64: 3324847 | E64: 2403653 | F64: 4319889 | G64: 3142831 | H64: 3119400 | I64: 22443411
A65: Marketing | B65: 2875276 | C65: 3361431 | D65: 2851551 | E65: 2320973 | F65: 3267047 | G65: 3054790 | H65: 3647511 | I65: 21378579
A66: Operations | B66: 3339690 | C66: 3866494 | D66: 3200310 | E66: 2586839 | F66: 3150865 | G66: 3724838 | H66: 2102401 | I66: 21971437
A67: Sales | B67: 3310209 | C67: 2958630 | D67: 1884658 | E67: 3968927 | F67: 1690810 | G67: 3266407 | H67: 3362829 | I67: 20442470
A68: Support | B68: 2933670 | C68: 2354335 | D68: 2075580 | E68: 4095267 | F68: 2507600 | G68: 3165519 | H68: 2306025 | I68: 19437996
A69: Grand Total | B69: 21908845 | C69: 23130211 | D69: 18593273 | E69: 21094242 | F69: 20766886 | G69: 22113559 | H69: 20373274 | I69: 147980290

Sheet dashboard
